plane_id,contour_id,point_id,x,y,z,nx,ny,nz,closed
0,1,0,-50.0,0.0,50.0,0.0,1.0,0.0,True
0,1,1,-50.5,0.0,50.0,0.0,1.0,0.0,True
0,1,2,-51.0,0.0,50.0,0.0,1.0,0.0,True
0,1,3,-51.5,0.0,50.0,0.0,1.0,0.0,True
0,1,4,-52.0,0.0,50.0,0.0,1.0,0.0,True
0,1,5,-52.5,0.0,50.0,0.0,1.0,0.0,True
0,1,6,-53.0,0.0,50.0,0.0,1.0,0.0,True
0,1,7,-53.5,0.0,50.0,0.0,1.0,0.0,True
0,1,8,-54.0,0.0,50.0,0.0,1.0,0.0,True
0,1,9,-54.5,0.0,50.0,0.0,1.0,0.0,True
0,1,10,-55.0,0.0,50.0,0.0,1.0,0.0,True
0,1,11,-55.5,0.0,50.0,0.0,1.0,0.0,True
0,1,12,-56.0,0.0,50.0,0.0,1.0,0.0,True
0,1,13,-56.5,0.0,50.0,0.0,1.0,0.0,True
0,1,14,-57.0,0.0,50.0,0.0,1.0,0.0,True
0,1,15,-57.5,0.0,50.0,0.0,1.0,0.0,True
0,1,16,-58.0,0.0,50.0,0.0,1.0,0.0,True
0,1,17,-58.5,0.0,50.0,0.0,1.0,0.0,True
0,1,18,-59.0,0.0,50.0,0.0,1.0,0.0,True
0,1,19,-59.5,0.0,50.0,0.0,1.0,0.0,True
0,1,20,-60.0,0.0,50.0,0.0,1.0,0.0,True
0,1,21,-60.5,0.0,50.0,0.0,1.0,0.0,True
0,1,22,-61.0,0.0,50.0,0.0,1.0,0.0,True
0,1,23,-61.5,0.0,50.0,0.0,1.0,0.0,True
0,1,24,-62.0,0.0,50.0,0.0,1.0,0.0,True
0,1,25,-62.5,0.0,50.0,0.0,1.0,0.0,True
0,1,26,-63.0,0.0,50.0,0.0,1.0,0.0,True
0,1,27,-63.5,0.0,50.0,0.0,1.0,0.0,True
0,1,28,-64.0,0.0,50.0,0.0,1.0,0.0,True
0,1,29,-64.5,0.0,50.0,0.0,1.0,0.0,True
0,1,30,-65.0,0.0,50.0,0.0,1.0,0.0,True
0,1,31,-65.0,1.0992585023409751e-14,49.50620181527363,0.0,1.0,0.0,True
0,1,32,-65.0,1.0882939800569502e-14,49.012403630547254,0.0,1.0,0.0,True
0,1,33,-65.0,1.0773294577729252e-14,48.51860544582088,0.0,1.0,0.0,True
0,1,34,-65.0,1.0663649354889002e-14,48.02480726109451,0.0,1.0,0.0,True
0,1,35,-65.0,1.0554004132048752e-14,47.531009076368136,0.0,1.0,0.0,True
0,1,36,-65.0,1.0444358909208503e-14,47.03721089164176,0.0,1.0,0.0,True
0,1,37,-65.0,1.0334713686368254e-14,46.54341270691539,0.0,1.0,0.0,True
0,1,38,-65.0,1.0225068463528004e-14,46.04961452218902,0.0,1.0,0.0,True
0,1,39,-65.0,1.0115423240687755e-14,45.555816337462645,0.0,1.0,0.0,True
0,1,40,-65.0,1.0005778017847504e-14,45.06201815273627,0.0,1.0,0.0,True
0,1,41,-65.0,9.896132795007255e-15,44.5682199680099,0.0,1.0,0.0,True
0,1,42,-65.0,9.786487572167005e-15,44.074421783283526,0.0,1.0,0.0,True
0,1,43,-65.0,9.676842349326756e-15,43.58062359855715,0.0,1.0,0.0,True
0,1,44,-65.0,9.567197126486507e-15,43.08682541383078,0.0,1.0,0.0,True
0,1,45,-65.0,9.457551903646258e-15,42.593027229104415,0.0,1.0,0.0,True
0,1,46,-65.0,9.347906680806007e-15,42.09922904437804,0.0,1.0,0.0,True
0,1,47,-65.0,9.238261457965757e-15,41.60543085965167,0.0,1.0,0.0,True
0,1,48,-65.0,9.128616235125508e-15,41.111632674925296,0.0,1.0,0.0,True
0,1,49,-65.0,9.018971012285259e-15,40.61783449019892,0.0,1.0,0.0,True
0,1,50,-65.0,8.90932578944501e-15,40.12403630547255,0.0,1.0,0.0,True
0,1,51,-65.0,8.799680566604759e-15,39.63023812074618,0.0,1.0,0.0,True
0,1,52,-65.0,8.69003534376451e-15,39.136439936019805,0.0,1.0,0.0,True
0,1,53,-65.0,8.58039012092426e-15,38.64264175129343,0.0,1.0,0.0,True
0,1,54,-65.0,8.47074489808401e-15,38.14884356656706,0.0,1.0,0.0,True
0,1,55,-65.0,8.361099675243761e-15,37.65504538184069,0.0,1.0,0.0,True
0,1,56,-65.0,8.251454452403512e-15,37.161247197114314,0.0,1.0,0.0,True
0,1,57,-65.0,8.141809229563263e-15,36.66744901238794,0.0,1.0,0.0,True
0,1,58,-65.0,8.032164006723012e-15,36.17365082766157,0.0,1.0,0.0,True
0,1,59,-65.0,7.922518783882764e-15,35.679852642935195,0.0,1.0,0.0,True
0,1,60,-65.0,7.812873561042513e-15,35.18605445820882,0.0,1.0,0.0,True
0,1,61,-65.0,7.703228338202264e-15,34.69225627348245,0.0,1.0,0.0,True
0,1,62,-65.0,7.593583115362015e-15,34.19845808875608,0.0,1.0,0.0,True
0,1,63,-65.0,7.483937892521765e-15,33.70465990402971,0.0,1.0,0.0,True
0,1,64,-65.0,7.374292669681514e-15,33.21086171930334,0.0,1.0,0.0,True
0,1,65,-65.0,7.264647446841265e-15,32.717063534576965,0.0,1.0,0.0,True
0,1,66,-65.0,7.155002224001016e-15,32.22326534985059,0.0,1.0,0.0,True
0,1,67,-65.0,7.0453570011607665e-15,31.729467165124216,0.0,1.0,0.0,True
0,1,68,-65.0,6.935711778320517e-15,31.235668980397843,0.0,1.0,0.0,True
0,1,69,-65.0,6.826066555480267e-15,30.74187079567147,0.0,1.0,0.0,True
0,1,70,-65.0,6.716421332640018e-15,30.248072610945098,0.0,1.0,0.0,True
0,1,71,-65.0,6.6067761097997685e-15,29.754274426218725,0.0,1.0,0.0,True
0,1,72,-65.0,6.4971308869595184e-15,29.260476241492352,0.0,1.0,0.0,True
0,1,73,-65.0,6.387485664119269e-15,28.76667805676598,0.0,1.0,0.0,True
0,1,74,-65.0,6.277840441279019e-15,28.272879872039606,0.0,1.0,0.0,True
0,1,75,-65.0,6.1681952184387705e-15,27.779081687313237,0.0,1.0,0.0,True
0,1,76,-65.0,6.0585499955985204e-15,27.285283502586864,0.0,1.0,0.0,True
0,1,77,-65.0,5.948904772758271e-15,26.79148531786049,0.0,1.0,0.0,True
0,1,78,-65.0,5.839259549918022e-15,26.29768713313412,0.0,1.0,0.0,True
0,1,79,-65.0,5.729614327077772e-15,25.803888948407746,0.0,1.0,0.0,True
0,1,80,-65.0,5.6199691042375224e-15,25.310090763681373,0.0,1.0,0.0,True
0,1,81,-65.0,5.510323881397272e-15,24.816292578955,0.0,1.0,0.0,True
0,1,82,-65.25789336425699,5.4162163325138506e-15,24.392469856866306,0.0,1.0,0.0,True
0,1,83,-65.52621991280448,5.32355811379304e-15,23.975174337562393,0.0,1.0,0.0,True
0,1,84,-65.80481453445904,5.232406241239257e-15,23.564662798294997,0.0,1.0,0.0,True
0,1,85,-66.09350579972062,5.142816803946573e-15,23.161187841887276,0.0,1.0,0.0,True
0,1,86,-66.39211606625359,5.0548449295852736e-15,22.76499774129459,0.0,1.0,0.0,True
0,1,87,-66.70046158819669,4.968544750479781e-15,22.37633628683303,0.0,1.0,0.0,True
0,1,88,-67.0183526292285,4.883969370299042e-15,21.99544263616628,0.0,1.0,0.0,True
0,1,89,-67.34559357931927,4.801170831379897e-15,21.62255116714315,0.0,1.0,0.0,True
0,1,90,-67.68198307509685,4.720200082703519e-15,21.257891333576246,0.0,1.0,0.0,True
0,1,91,-68.02731412375304,4.6411069485446265e-15,20.901687524050644,0.0,1.0,0.0,True
0,1,92,-68.38137423041383,4.563940097812786e-15,20.554158923849325,0.0,1.0,0.0,True
0,1,93,-68.74394552889532,4.488747014104647e-15,20.215519380080462,0.0,1.0,0.0,True
0,1,94,-69.11480491576475,4.415573966485531e-15,19.885977270089402,0.0,1.0,0.0,True
0,1,95,-69.4937241876243,4.344465981018386e-15,19.565735373236453,0.0,1.0,0.0,True
0,1,96,-69.8804701815329,4.275466813057591e-15,19.2549907461193,0.0,1.0,0.0,True
0,1,97,-70.2748049184801,4.208618920324686e-15,18.953934601316845,0.0,1.0,0.0,True
0,1,98,-70.67648574982319,4.1439634367825714e-15,18.66275218972908,0.0,1.0,0.0,True
0,1,99,-71.08526550659782,4.0815401473242726e-15,18.381622686585402,0.0,1.0,0.0,True
0,1,100,-71.5008926516102,4.021387463291833e-15,18.110719081191537,0.0,1.0,0.0,True
0,1,101,-71.9231114342171,3.963542398840408e-15,17.850208070482836,0.0,1.0,0.0,True
0,1,102,-72.35166204769872,3.9080405481620915e-15,17.600249956449563,0.0,1.0,0.0,True
0,1,103,-72.78628078912716,3.8549160635835086e-15,17.360998547497175,0.0,1.0,0.0,True
0,1,104,-73.2267002216326,3.8042016345506296e-15,17.132601063802362,0.0,1.0,0.0,True
0,1,105,-73.67264933896703,3.755928467513757e-15,16.915198046723077,0.0,1.0,0.0,True
0,1,106,-74.12385373226434,3.710126266725049e-15,16.708923272318273,0.0,1.0,0.0,True
0,1,107,-74.5800357588941,3.666823215960403e-15,16.51390366903058,0.0,1.0,0.0,True
0,1,108,-75.0409147133054,3.626045961176942e-15,16.33025923958257,0.0,1.0,0.0,True
0,1,109,-75.50620699975515,3.587819594116785e-15,16.158102987134694,0.0,1.0,0.0,True
0,1,110,-75.97562630681504,3.5521676368671666e-15,15.997540845750262,0.0,1.0,0.0,True
0,1,111,-76.44888378354942,3.5191120273864424e-15,15.848671615210346,0.0,1.0,0.0,True
0,1,112,-76.92568821725592,3.488673106004852e-15,15.711586900218634,0.0,1.0,0.0,True
0,1,113,-77.40574621265931,3.4608696029083675e-15,15.586371054033698,0.0,1.0,0.0,True
0,1,114,-77.8887623724484,3.435718626613327e-15,15.473101126563332,0.0,1.0,0.0,True
0,1,115,-78.37443947904481,3.413235653438932e-15,15.371846816952932,0.0,1.0,0.0,True
0,1,116,-78.8624786774919,3.3934345179840987e-15,15.282670430697017,0.0,1.0,0.0,True
0,1,117,-79.35257965935116,3.3763274046145246e-15,15.205626841300408,0.0,1.0,0.0,True
0,1,118,-79.84444084749309,3.3619248399652017e-15,15.14076345651253,0.0,1.0,0.0,True
0,1,119,-80.3377595816686,3.3502356864629865e-15,15.08812018915567,0.0,1.0,0.0,True
0,1,120,-80.83223230474702,3.3412671368732288e-15,15.047729432565177,0.0,1.0,0.0,True
0,1,121,-81.32755474950592,3.335024709873796e-15,15.01961604065664,0.0,1.0,0.0,True
0,1,122,-81.82342212585795,3.3315122466592285e-15,15.003797312632358,0.0,1.0,0.0,True
0,1,123,-82.31952930839928,3.330731908577111e-15,15.000282982336511,0.0,1.0,0.0,True
0,1,124,-82.81557102416461,3.3326841757981178e-15,15.009075212265568,0.0,1.0,0.0,True
0,1,125,-83.31124204047269,3.337367847020546e-15,15.030168592237622,0.0,1.0,0.0,True
0,1,126,-83.8062373527473,3.344780040209518e-15,15.063550142721482,0.0,1.0,0.0,True
0,1,127,-84.30025237219768,3.3549161943704058e-15,15.109199322823432,0.0,1.0,0.0,True
0,1,128,-84.79298311324325,3.3677700723553784e-15,15.167088042926828,0.0,1.0,0.0,True
0,1,129,-85.28412638056713,3.3833337647013457e-15,15.237180681976646,0.0,1.0,0.0,True
0,1,130,-85.77337995568324,3.4015976944969445e-15,15.319434109398436,0.0,1.0,0.0,True
0,1,131,-86.26044278290257,3.4225506232755614e-15,15.41379771163815,0.0,1.0,0.0,True
0,1,132,-86.74501515458368,3.4461796579307756e-15,15.520213423306512,0.0,1.0,0.0,True
0,1,133,-87.22679889555388,3.47247025864996e-15,15.638615762908795,0.0,1.0,0.0,True
0,1,134,-87.70549754658735,3.50140624786116e-15,15.76893187313797,0.0,1.0,0.0,True
0,1,135,-88.18081654682742,3.5329698201877524e-15,15.91108156570651,0.0,1.0,0.0,True
0,1,136,-88.65246341504057,3.56714155340474e-15,16.064977370689164,0.0,1.0,0.0,True
0,1,137,-89.12014792959101,3.603900420389968e-15,16.23052459034642,0.0,1.0,0.0,True
0,1,138,-89.58358230702464,3.6432238020628785e-15,16.407621357395513,0.0,1.0,0.0,True
0,1,139,-90.04248137915278,3.685087501302862e-15,16.59615869769308,0.0,1.0,0.0,True
0,1,140,-90.49656276852659,3.729465757838639e-15,16.796020597290987,0.0,1.0,0.0,True
0,1,141,-90.94554706219438,3.776331264099493e-15,17.00708407382393,0.0,1.0,0.0,True
0,1,142,-91.38915798363458,3.825655182018629e-15,17.229219252185032,0.0,1.0,0.0,True
0,1,143,-91.82712256275883,3.877407160778288e-15,17.462289444442753,0.0,1.0,0.0,True
0,1,144,-92.25917130388055,3.931555355485726e-15,17.70615123394999,0.0,1.0,0.0,True
0,1,145,-92.68503835154547,3.988066446768541e-15,17.96065456359361,0.0,1.0,0.0,True
0,1,146,-93.10446165412233,4.046905661277309e-15,18.225642828130105,0.0,1.0,0.0,True
0,1,147,-93.51718312505275,4.1080367930828986e-15,18.500952970550536,0.0,1.0,0.0,True
0,1,148,-93.92294880166152,4.171422225955317e-15,18.78641558241552,0.0,1.0,0.0,True
0,1,149,-94.32150900142898,4.237022956510349e-15,19.081855008098433,0.0,1.0,0.0,True
0,1,150,-94.71261847563004,4.304798618209774e-15,19.3870894528728,0.0,1.0,0.0,True
0,1,151,-95.09603656024454,4.374707506200383e-15,19.70193109477723,0.0,1.0,0.0,True
0,1,152,-95.4715273240468,4.446706602976499e-15,20.026186200189205,0.0,1.0,0.0,True
0,1,153,-95.8388597137827,4.520751604850232e-15,20.359655243036446,0.0,1.0,0.0,True
0,1,154,-96.1978076963452,4.596796949213168e-15,20.70213302757267,0.0,1.0,0.0,True
0,1,155,-96.54815039786091,4.674795842572709e-15,21.05340881464206,0.0,1.0,0.0,True
0,1,156,-96.88967223960177,4.754700289345827e-15,21.41326645135478,0.0,1.0,0.0,True
0,1,157,-97.22216307063869,4.836461121392517e-15,21.781484504093804,0.0,1.0,0.0,True
0,1,158,-97.545418297155,4.920028028270748e-15,22.157836394771163,0.0,1.0,0.0,True
0,1,159,-97.85923900834064,5.005349588194333e-15,22.54209054024974,0.0,1.0,0.0,True
0,1,160,-98.16343209878926,5.0923732996746364e-15,22.934010494844888,0.0,1.0,0.0,True
0,1,161,-98.45781038732298,5.1810456138266736e-15,23.33335509581814,0.0,1.0,0.0,True
0,1,162,-98.74219273217201,5.271311967319701e-15,23.739878611773488,0.0,1.0,0.0,True
0,1,163,-99.0164041424377,5.3631168159520416e-15,24.153330893864958,0.0,1.0,0.0,True
0,1,164,-99.28027588577086,5.4564036688294655e-15,24.57345752972235,0.0,1.0,0.0,True
0,1,165,-99.5336455921991,5.551115123126119e-15,25.000000000000536,0.0,1.0,0.0,True
0,1,166,-100.0336455922,0.0,25.0,0.0,1.0,0.0,True
0,1,167,-100.5336455922,0.0,25.0,0.0,1.0,0.0,True
0,1,168,-101.0336455922,0.0,25.0,0.0,1.0,0.0,True
0,1,169,-101.5336455922,0.0,25.0,0.0,1.0,0.0,True
0,1,170,-102.0336455922,0.0,25.0,0.0,1.0,0.0,True
0,1,171,-102.5336455922,0.0,25.0,0.0,1.0,0.0,True
0,1,172,-103.0336455922,0.0,25.0,0.0,1.0,0.0,True
0,1,173,-103.5336455922,0.0,25.0,0.0,1.0,0.0,True
0,1,174,-104.0336455922,0.0,25.0,0.0,1.0,0.0,True
0,1,175,-104.5336455922,0.0,25.0,0.0,1.0,0.0,True
0,1,176,-105.0336455922,0.0,25.0,0.0,1.0,0.0,True
0,1,177,-105.5336455922,0.0,25.0,0.0,1.0,0.0,True
0,1,178,-106.0336455922,0.0,25.0,0.0,1.0,0.0,True
0,1,179,-106.5336455922,0.0,25.0,0.0,1.0,0.0,True
0,1,180,-107.0336455922,0.0,25.0,0.0,1.0,0.0,True
0,1,181,-107.5336455922,0.0,25.0,0.0,1.0,0.0,True
0,1,182,-108.0336455922,0.0,25.0,0.0,1.0,0.0,True
0,1,183,-108.5336455922,0.0,25.0,0.0,1.0,0.0,True
0,1,184,-109.0336455922,0.0,25.0,0.0,1.0,0.0,True
0,1,185,-109.5336455922,0.0,25.0,0.0,1.0,0.0,True
0,1,186,-110.0336455922,0.0,25.0,0.0,1.0,0.0,True
0,1,187,-110.5336455922,0.0,25.0,0.0,1.0,0.0,True
0,1,188,-111.0336455922,0.0,25.0,0.0,1.0,0.0,True
0,1,189,-111.5336455922,0.0,25.0,0.0,1.0,0.0,True
0,1,190,-112.0336455922,0.0,25.0,0.0,1.0,0.0,True
0,1,191,-112.5336455922,0.0,25.0,0.0,1.0,0.0,True
0,1,192,-113.0336455922,0.0,25.0,0.0,1.0,0.0,True
0,1,193,-113.5336455922,0.0,25.0,0.0,1.0,0.0,True
0,1,194,-114.0336455922,0.0,25.0,0.0,1.0,0.0,True
0,1,195,-114.5336455922,0.0,25.0,0.0,1.0,0.0,True
0,1,196,-115.0336455922,0.0,25.0,0.0,1.0,0.0,True
0,1,197,-115.5336455922,0.0,25.0,0.0,1.0,0.0,True
0,1,198,-116.0336455922,0.0,25.0,0.0,1.0,0.0,True
0,1,199,-116.5336455922,0.0,25.0,0.0,1.0,0.0,True
0,1,200,-117.0336455922,0.0,25.0,0.0,1.0,0.0,True
0,1,201,-117.5336455922,0.0,25.0,0.0,1.0,0.0,True
0,1,202,-118.0336455922,0.0,25.0,0.0,1.0,0.0,True
0,1,203,-118.5336455922,0.0,25.0,0.0,1.0,0.0,True
0,1,204,-119.0336455922,0.0,25.0,0.0,1.0,0.0,True
0,1,205,-119.5336455922,0.0,25.0,0.0,1.0,0.0,True
0,1,206,-120.0336455922,0.0,25.0,0.0,1.0,0.0,True
0,1,207,-120.5336455922,0.0,25.0,0.0,1.0,0.0,True
0,1,208,-121.0336455922,0.0,25.0,0.0,1.0,0.0,True
0,1,209,-121.5336455922,0.0,25.0,0.0,1.0,0.0,True
0,1,210,-122.0336455922,0.0,25.0,0.0,1.0,0.0,True
0,1,211,-122.5336455922,0.0,25.0,0.0,1.0,0.0,True
0,1,212,-123.0336455922,0.0,25.0,0.0,1.0,0.0,True
0,1,213,-123.5336455922,0.0,25.0,0.0,1.0,0.0,True
0,1,214,-124.0336455922,0.0,25.0,0.0,1.0,0.0,True
0,1,215,-124.5336455922,0.0,25.0,0.0,1.0,0.0,True
0,1,216,-125.0336455922,0.0,25.0,0.0,1.0,0.0,True
0,1,217,-125.5336455922,0.0,25.0,0.0,1.0,0.0,True
0,1,218,-126.0336455922,0.0,25.0,0.0,1.0,0.0,True
0,1,219,-126.5336455922,0.0,25.0,0.0,1.0,0.0,True
0,1,220,-127.0336455922,0.0,25.0,0.0,1.0,0.0,True
0,1,221,-127.5336455922,0.0,25.0,0.0,1.0,0.0,True
0,1,222,-128.0336455922,0.0,25.0,0.0,1.0,0.0,True
0,1,223,-128.5336455922,0.0,25.0,0.0,1.0,0.0,True
0,1,224,-129.0336455922,0.0,25.0,0.0,1.0,0.0,True
0,1,225,-129.5336455922,0.0,25.0,0.0,1.0,0.0,True
0,1,226,-130.0336455922,0.0,25.0,0.0,1.0,0.0,True
0,1,227,-130.5336455922,0.0,25.0,0.0,1.0,0.0,True
0,1,228,-131.0336455922,0.0,25.0,0.0,1.0,0.0,True
0,1,229,-131.5336455922,0.0,25.0,0.0,1.0,0.0,True
0,1,230,-132.0336455922,0.0,25.0,0.0,1.0,0.0,True
0,1,231,-132.5336455922,0.0,25.0,0.0,1.0,0.0,True
0,1,232,-133.0336455922,0.0,25.0,0.0,1.0,0.0,True
0,1,233,-133.5336455922,0.0,25.0,0.0,1.0,0.0,True
0,1,234,-134.0336455922,0.0,25.0,0.0,1.0,0.0,True
0,1,235,-134.5336455922,0.0,25.0,0.0,1.0,0.0,True
0,1,236,-135.0336455922,0.0,25.0,0.0,1.0,0.0,True
0,1,237,-135.5336455922,0.0,25.0,0.0,1.0,0.0,True
0,1,238,-136.0336455922,0.0,25.0,0.0,1.0,0.0,True
0,1,239,-136.5336455922,0.0,25.0,0.0,1.0,0.0,True
0,1,240,-137.0336455922,0.0,25.0,0.0,1.0,0.0,True
0,1,241,-137.5336455922,0.0,25.0,0.0,1.0,0.0,True
0,1,242,-138.0336455922,0.0,25.0,0.0,1.0,0.0,True
0,1,243,-138.5336455922,0.0,25.0,0.0,1.0,0.0,True
0,1,244,-139.0336455922,0.0,25.0,0.0,1.0,0.0,True
0,1,245,-139.5336455922,0.0,25.0,0.0,1.0,0.0,True
0,1,246,-140.0336455922,0.0,25.0,0.0,1.0,0.0,True
0,1,247,-140.5336455922,0.0,25.0,0.0,1.0,0.0,True
0,1,248,-141.0336455922,0.0,25.0,0.0,1.0,0.0,True
0,1,249,-141.5336455922,0.0,25.0,0.0,1.0,0.0,True
0,1,250,-142.0336455922,0.0,25.0,0.0,1.0,0.0,True
0,1,251,-142.5336455922,0.0,25.0,0.0,1.0,0.0,True
0,1,252,-143.0336455922,0.0,25.0,0.0,1.0,0.0,True
0,1,253,-143.5336455922,0.0,25.0,0.0,1.0,0.0,True
0,1,254,-144.0336455922,0.0,25.0,0.0,1.0,0.0,True
0,1,255,-144.5336455922,0.0,25.0,0.0,1.0,0.0,True
0,1,256,-145.0336455922,0.0,25.0,0.0,1.0,0.0,True
0,1,257,-145.5336455922,0.0,25.0,0.0,1.0,0.0,True
0,1,258,-146.0336455922,0.0,25.0,0.0,1.0,0.0,True
0,1,259,-146.5336455922,0.0,25.0,0.0,1.0,0.0,True
0,1,260,-147.0336455922,0.0,25.0,0.0,1.0,0.0,True
0,1,261,-147.5336455922,0.0,25.0,0.0,1.0,0.0,True
0,1,262,-148.0336455922,0.0,25.0,0.0,1.0,0.0,True
0,1,263,-148.5336455922,0.0,25.0,0.0,1.0,0.0,True
0,1,264,-149.0336455922,0.0,25.0,0.0,1.0,0.0,True
0,1,265,-149.5336455922,0.0,25.0,0.0,1.0,0.0,True
0,1,266,-149.5336455922,5.4400928206635e-15,24.5,0.0,1.0,0.0,True
0,1,267,-149.5336455922,5.329070518201e-15,24.0,0.0,1.0,0.0,True
0,1,268,-149.5336455922,5.218048215738499e-15,23.5,0.0,1.0,0.0,True
0,1,269,-149.5336455922,5.107025913275999e-15,23.0,0.0,1.0,0.0,True
0,1,270,-149.5336455922,4.9960036108134995e-15,22.5,0.0,1.0,0.0,True
0,1,271,-149.5336455922,4.8849813083509996e-15,22.0,0.0,1.0,0.0,True
0,1,272,-149.5336455922,4.7739590058885e-15,21.5,0.0,1.0,0.0,True
0,1,273,-149.5336455922,4.662936703426e-15,21.0,0.0,1.0,0.0,True
0,1,274,-149.5336455922,4.5519144009635e-15,20.5,0.0,1.0,0.0,True
0,1,275,-149.5336455922,4.440892098501e-15,20.0,0.0,1.0,0.0,True
0,1,276,-149.5336455922,4.3298697960384994e-15,19.5,0.0,1.0,0.0,True
0,1,277,-149.5336455922,4.2188474935759995e-15,19.0,0.0,1.0,0.0,True
0,1,278,-149.5336455922,4.1078251911135e-15,18.5,0.0,1.0,0.0,True
0,1,279,-149.5336455922,3.996802888651e-15,18.0,0.0,1.0,0.0,True
0,1,280,-149.5336455922,3.8857805861885e-15,17.5,0.0,1.0,0.0,True
0,1,281,-149.5336455922,3.774758283725999e-15,17.0,0.0,1.0,0.0,True
0,1,282,-149.5336455922,3.663735981263499e-15,16.5,0.0,1.0,0.0,True
0,1,283,-149.5336455922,3.5527136788009995e-15,16.0,0.0,1.0,0.0,True
0,1,284,-149.5336455922,3.4416913763384996e-15,15.5,0.0,1.0,0.0,True
0,1,285,-149.5336455922,3.3306690738759997e-15,15.0,0.0,1.0,0.0,True
0,1,286,-149.5336455922,3.2196467714134995e-15,14.5,0.0,1.0,0.0,True
0,1,287,-149.5336455922,3.1086244689509996e-15,14.0,0.0,1.0,0.0,True
0,1,288,-149.5336455922,2.9976021664884997e-15,13.5,0.0,1.0,0.0,True
0,1,289,-149.5336455922,2.8865798640259994e-15,13.0,0.0,1.0,0.0,True
0,1,290,-149.5336455922,2.7755575615634996e-15,12.5,0.0,1.0,0.0,True
0,1,291,-149.5336455922,2.6645352591009997e-15,12.0,0.0,1.0,0.0,True
0,1,292,-149.5336455922,2.5535129566385e-15,11.5,0.0,1.0,0.0,True
0,1,293,-149.5336455922,2.4424906541759995e-15,11.0,0.0,1.0,0.0,True
0,1,294,-149.5336455922,2.3314683517134997e-15,10.5,0.0,1.0,0.0,True
0,1,295,-149.5336455922,2.2204460492509998e-15,10.0,0.0,1.0,0.0,True
0,1,296,-149.5336455922,2.1094237467884995e-15,9.5,0.0,1.0,0.0,True
0,1,297,-149.5336455922,1.9984014443259996e-15,9.0,0.0,1.0,0.0,True
0,1,298,-149.5336455922,1.8873791418634998e-15,8.5,0.0,1.0,0.0,True
0,1,299,-149.5336455922,1.776356839401e-15,8.0,0.0,1.0,0.0,True
0,1,300,-149.5336455922,1.6653345369385e-15,7.5,0.0,1.0,0.0,True
0,1,301,-149.5336455922,1.5543122344759993e-15,7.0,0.0,1.0,0.0,True
0,1,302,-149.5336455922,1.4432899320134995e-15,6.5,0.0,1.0,0.0,True
0,1,303,-149.5336455922,1.3322676295509996e-15,6.0,0.0,1.0,0.0,True
0,1,304,-149.5336455922,1.2212453270884997e-15,5.5,0.0,1.0,0.0,True
0,1,305,-149.5336455922,1.1102230246259998e-15,5.0,0.0,1.0,0.0,True
0,1,306,-149.5336455922,9.992007221635e-16,4.5,0.0,1.0,0.0,True
0,1,307,-149.5336455922,8.881784197009993e-16,4.0,0.0,1.0,0.0,True
0,1,308,-149.5336455922,7.771561172384994e-16,3.5,0.0,1.0,0.0,True
0,1,309,-149.5336455922,6.661338147759995e-16,3.0,0.0,1.0,0.0,True
0,1,310,-149.5336455922,5.551115123134997e-16,2.5,0.0,1.0,0.0,True
0,1,311,-149.5336455922,4.440892098509998e-16,2.0,0.0,1.0,0.0,True
0,1,312,-149.5336455922,3.330669073884999e-16,1.5,0.0,1.0,0.0,True
0,1,313,-149.5336455922,2.2204460492599924e-16,1.0,0.0,1.0,0.0,True
0,1,314,-149.5336455922,1.1102230246349936e-16,0.5,0.0,1.0,0.0,True
0,1,315,-149.5336455922,9.99486766915022e-28,0.0,0.0,1.0,0.0,True
0,1,316,-149.03567322006,0.0,0.0,0.0,1.0,0.0,True
0,1,317,-148.53770084792,0.0,0.0,0.0,1.0,0.0,True
0,1,318,-148.03972847578,0.0,0.0,0.0,1.0,0.0,True
0,1,319,-147.54175610364,0.0,0.0,0.0,1.0,0.0,True
0,1,320,-147.0437837315,0.0,0.0,0.0,1.0,0.0,True
0,1,321,-146.54581135936002,0.0,0.0,0.0,1.0,0.0,True
0,1,322,-146.04783898722002,0.0,0.0,0.0,1.0,0.0,True
0,1,323,-145.54986661508002,0.0,0.0,0.0,1.0,0.0,True
0,1,324,-145.05189424294002,0.0,0.0,0.0,1.0,0.0,True
0,1,325,-144.5539218708,0.0,0.0,0.0,1.0,0.0,True
0,1,326,-144.05594949866,0.0,0.0,0.0,1.0,0.0,True
0,1,327,-143.55797712652,0.0,0.0,0.0,1.0,0.0,True
0,1,328,-143.06000475438,0.0,0.0,0.0,1.0,0.0,True
0,1,329,-142.56203238224,0.0,0.0,0.0,1.0,0.0,True
0,1,330,-142.0640600101,0.0,0.0,0.0,1.0,0.0,True
0,1,331,-141.56608763795998,0.0,0.0,0.0,1.0,0.0,True
0,1,332,-141.06811526581998,0.0,0.0,0.0,1.0,0.0,True
0,1,333,-140.57014289367999,0.0,0.0,0.0,1.0,0.0,True
0,1,334,-140.07217052154,0.0,0.0,0.0,1.0,0.0,True
0,1,335,-139.5741981494,0.0,0.0,0.0,1.0,0.0,True
0,1,336,-139.07622577726,0.0,0.0,0.0,1.0,0.0,True
0,1,337,-138.57825340512,0.0,0.0,0.0,1.0,0.0,True
0,1,338,-138.08028103298,0.0,0.0,0.0,1.0,0.0,True
0,1,339,-137.58230866084,0.0,0.0,0.0,1.0,0.0,True
0,1,340,-137.0843362887,0.0,0.0,0.0,1.0,0.0,True
0,1,341,-136.58636391656,0.0,0.0,0.0,1.0,0.0,True
0,1,342,-136.08839154442,0.0,0.0,0.0,1.0,0.0,True
0,1,343,-135.59041917228,0.0,0.0,0.0,1.0,0.0,True
0,1,344,-135.09244680014,0.0,0.0,0.0,1.0,0.0,True
0,1,345,-134.594474428,0.0,0.0,0.0,1.0,0.0,True
0,1,346,-134.09650205586001,0.0,0.0,0.0,1.0,0.0,True
0,1,347,-133.59852968372002,0.0,0.0,0.0,1.0,0.0,True
0,1,348,-133.10055731158002,0.0,0.0,0.0,1.0,0.0,True
0,1,349,-132.60258493944002,0.0,0.0,0.0,1.0,0.0,True
0,1,350,-132.1046125673,0.0,0.0,0.0,1.0,0.0,True
0,1,351,-131.60664019516,0.0,0.0,0.0,1.0,0.0,True
0,1,352,-131.10866782302,0.0,0.0,0.0,1.0,0.0,True
0,1,353,-130.61069545088,0.0,0.0,0.0,1.0,0.0,True
0,1,354,-130.11272307874,0.0,0.0,0.0,1.0,0.0,True
0,1,355,-129.6147507066,0.0,0.0,0.0,1.0,0.0,True
0,1,356,-129.11677833446,0.0,0.0,0.0,1.0,0.0,True
0,1,357,-128.61880596231998,0.0,0.0,0.0,1.0,0.0,True
0,1,358,-128.12083359017998,0.0,0.0,0.0,1.0,0.0,True
0,1,359,-127.62286121804,0.0,0.0,0.0,1.0,0.0,True
0,1,360,-127.1248888459,0.0,0.0,0.0,1.0,0.0,True
0,1,361,-126.62691647376,0.0,0.0,0.0,1.0,0.0,True
0,1,362,-126.12894410162001,0.0,0.0,0.0,1.0,0.0,True
0,1,363,-125.63097172948,0.0,0.0,0.0,1.0,0.0,True
0,1,364,-125.13299935734,0.0,0.0,0.0,1.0,0.0,True
0,1,365,-124.6350269852,0.0,0.0,0.0,1.0,0.0,True
0,1,366,-124.13705461306,0.0,0.0,0.0,1.0,0.0,True
0,1,367,-123.63908224092,0.0,0.0,0.0,1.0,0.0,True
0,1,368,-123.14110986878,0.0,0.0,0.0,1.0,0.0,True
0,1,369,-122.64313749664001,0.0,0.0,0.0,1.0,0.0,True
0,1,370,-122.1451651245,0.0,0.0,0.0,1.0,0.0,True
0,1,371,-121.64719275236,0.0,0.0,0.0,1.0,0.0,True
0,1,372,-121.14922038022,0.0,0.0,0.0,1.0,0.0,True
0,1,373,-120.65124800808,0.0,0.0,0.0,1.0,0.0,True
0,1,374,-120.15327563594,0.0,0.0,0.0,1.0,0.0,True
0,1,375,-119.65530326380001,0.0,0.0,0.0,1.0,0.0,True
0,1,376,-119.15733089166,0.0,0.0,0.0,1.0,0.0,True
0,1,377,-118.65935851952,0.0,0.0,0.0,1.0,0.0,True
0,1,378,-118.16138614738,0.0,0.0,0.0,1.0,0.0,True
0,1,379,-117.66341377524,0.0,0.0,0.0,1.0,0.0,True
0,1,380,-117.1654414031,0.0,0.0,0.0,1.0,0.0,True
0,1,381,-116.66746903096,0.0,0.0,0.0,1.0,0.0,True
0,1,382,-116.16949665882,0.0,0.0,0.0,1.0,0.0,True
0,1,383,-115.67152428668,0.0,0.0,0.0,1.0,0.0,True
0,1,384,-115.17355191454,0.0,0.0,0.0,1.0,0.0,True
0,1,385,-114.6755795424,0.0,0.0,0.0,1.0,0.0,True
0,1,386,-114.17760717026,0.0,0.0,0.0,1.0,0.0,True
0,1,387,-113.67963479812,0.0,0.0,0.0,1.0,0.0,True
0,1,388,-113.18166242598001,0.0,0.0,0.0,1.0,0.0,True
0,1,389,-112.68369005384,0.0,0.0,0.0,1.0,0.0,True
0,1,390,-112.1857176817,0.0,0.0,0.0,1.0,0.0,True
0,1,391,-111.68774530956,0.0,0.0,0.0,1.0,0.0,True
0,1,392,-111.18977293742,0.0,0.0,0.0,1.0,0.0,True
0,1,393,-110.69180056528,0.0,0.0,0.0,1.0,0.0,True
0,1,394,-110.19382819314,0.0,0.0,0.0,1.0,0.0,True
0,1,395,-109.695855821,0.0,0.0,0.0,1.0,0.0,True
0,1,396,-109.19788344886,0.0,0.0,0.0,1.0,0.0,True
0,1,397,-108.69991107672,0.0,0.0,0.0,1.0,0.0,True
0,1,398,-108.20193870458,0.0,0.0,0.0,1.0,0.0,True
0,1,399,-107.70396633244,0.0,0.0,0.0,1.0,0.0,True
0,1,400,-107.2059939603,0.0,0.0,0.0,1.0,0.0,True
0,1,401,-106.70802158816,0.0,0.0,0.0,1.0,0.0,True
0,1,402,-106.21004921602,0.0,0.0,0.0,1.0,0.0,True
0,1,403,-105.71207684388,0.0,0.0,0.0,1.0,0.0,True
0,1,404,-105.21410447174,0.0,0.0,0.0,1.0,0.0,True
0,1,405,-104.7161320996,0.0,0.0,0.0,1.0,0.0,True
0,1,406,-104.21815972746,0.0,0.0,0.0,1.0,0.0,True
0,1,407,-103.72018735532001,0.0,0.0,0.0,1.0,0.0,True
0,1,408,-103.22221498318,0.0,0.0,0.0,1.0,0.0,True
0,1,409,-102.72424261104,0.0,0.0,0.0,1.0,0.0,True
0,1,410,-102.2262702389,0.0,0.0,0.0,1.0,0.0,True
0,1,411,-101.72829786676,0.0,0.0,0.0,1.0,0.0,True
0,1,412,-101.23032549462,0.0,0.0,0.0,1.0,0.0,True
0,1,413,-100.73235312248,0.0,0.0,0.0,1.0,0.0,True
0,1,414,-100.23438075034,0.0,0.0,0.0,1.0,0.0,True
0,1,415,-99.7364083782,0.0,0.0,0.0,1.0,0.0,True
0,1,416,-99.23843600606,0.0,0.0,0.0,1.0,0.0,True
0,1,417,-98.74046363392,0.0,0.0,0.0,1.0,0.0,True
0,1,418,-98.24249126178,0.0,0.0,0.0,1.0,0.0,True
0,1,419,-97.74451888964,0.0,0.0,0.0,1.0,0.0,True
0,1,420,-97.24654651750001,0.0,0.0,0.0,1.0,0.0,True
0,1,421,-96.74857414536001,0.0,0.0,0.0,1.0,0.0,True
0,1,422,-96.25060177322,0.0,0.0,0.0,1.0,0.0,True
0,1,423,-95.75262940108,0.0,0.0,0.0,1.0,0.0,True
0,1,424,-95.25465702894,0.0,0.0,0.0,1.0,0.0,True
0,1,425,-94.7566846568,0.0,0.0,0.0,1.0,0.0,True
0,1,426,-94.25871228465999,0.0,0.0,0.0,1.0,0.0,True
0,1,427,-93.76073991252,0.0,0.0,0.0,1.0,0.0,True
0,1,428,-93.26276754038,0.0,0.0,0.0,1.0,0.0,True
0,1,429,-92.76479516824,0.0,0.0,0.0,1.0,0.0,True
0,1,430,-92.2668227961,0.0,0.0,0.0,1.0,0.0,True
0,1,431,-91.76885042396,0.0,0.0,0.0,1.0,0.0,True
0,1,432,-91.27087805182,0.0,0.0,0.0,1.0,0.0,True
0,1,433,-90.77290567968001,0.0,0.0,0.0,1.0,0.0,True
0,1,434,-90.27493330754001,0.0,0.0,0.0,1.0,0.0,True
0,1,435,-89.7769609354,0.0,0.0,0.0,1.0,0.0,True
0,1,436,-89.27898856326,0.0,0.0,0.0,1.0,0.0,True
0,1,437,-88.78101619112,0.0,0.0,0.0,1.0,0.0,True
0,1,438,-88.28304381897999,0.0,0.0,0.0,1.0,0.0,True
0,1,439,-87.78507144683999,0.0,0.0,0.0,1.0,0.0,True
0,1,440,-87.2870990747,0.0,0.0,0.0,1.0,0.0,True
0,1,441,-86.78912670256,0.0,0.0,0.0,1.0,0.0,True
0,1,442,-86.29115433042,0.0,0.0,0.0,1.0,0.0,True
0,1,443,-85.79318195828,0.0,0.0,0.0,1.0,0.0,True
0,1,444,-85.29520958614,0.0,0.0,0.0,1.0,0.0,True
0,1,445,-84.797237214,0.0,0.0,0.0,1.0,0.0,True
0,1,446,-84.29926484186001,0.0,0.0,0.0,1.0,0.0,True
0,1,447,-83.80129246972001,0.0,0.0,0.0,1.0,0.0,True
0,1,448,-83.30332009758,0.0,0.0,0.0,1.0,0.0,True
0,1,449,-82.80534772544,0.0,0.0,0.0,1.0,0.0,True
0,1,450,-82.3073753533,0.0,0.0,0.0,1.0,0.0,True
0,1,451,-81.80940298115999,0.0,0.0,0.0,1.0,0.0,True
0,1,452,-81.31143060902,0.0,0.0,0.0,1.0,0.0,True
0,1,453,-80.81345823688,0.0,0.0,0.0,1.0,0.0,True
0,1,454,-80.31548586474,0.0,0.0,0.0,1.0,0.0,True
0,1,455,-79.8175134926,0.0,0.0,0.0,1.0,0.0,True
0,1,456,-79.31954112046,0.0,0.0,0.0,1.0,0.0,True
0,1,457,-78.82156874832,0.0,0.0,0.0,1.0,0.0,True
0,1,458,-78.32359637618,0.0,0.0,0.0,1.0,0.0,True
0,1,459,-77.82562400404001,0.0,0.0,0.0,1.0,0.0,True
0,1,460,-77.32765163190001,0.0,0.0,0.0,1.0,0.0,True
0,1,461,-76.82967925976,0.0,0.0,0.0,1.0,0.0,True
0,1,462,-76.33170688762,0.0,0.0,0.0,1.0,0.0,True
0,1,463,-75.83373451548,0.0,0.0,0.0,1.0,0.0,True
0,1,464,-75.33576214333999,0.0,0.0,0.0,1.0,0.0,True
0,1,465,-74.8377897712,0.0,0.0,0.0,1.0,0.0,True
0,1,466,-74.33981739906,0.0,0.0,0.0,1.0,0.0,True
0,1,467,-73.84184502692,0.0,0.0,0.0,1.0,0.0,True
0,1,468,-73.34387265478,0.0,0.0,0.0,1.0,0.0,True
0,1,469,-72.84590028264,0.0,0.0,0.0,1.0,0.0,True
0,1,470,-72.3479279105,0.0,0.0,0.0,1.0,0.0,True
0,1,471,-71.84995553836,0.0,0.0,0.0,1.0,0.0,True
0,1,472,-71.35198316622001,0.0,0.0,0.0,1.0,0.0,True
0,1,473,-70.85401079408,0.0,0.0,0.0,1.0,0.0,True
0,1,474,-70.35603842194,0.0,0.0,0.0,1.0,0.0,True
0,1,475,-69.8580660498,0.0,0.0,0.0,1.0,0.0,True
0,1,476,-69.36009367766,0.0,0.0,0.0,1.0,0.0,True
0,1,477,-68.86212130551999,0.0,0.0,0.0,1.0,0.0,True
0,1,478,-68.36414893338,0.0,0.0,0.0,1.0,0.0,True
0,1,479,-67.86617656124,0.0,0.0,0.0,1.0,0.0,True
0,1,480,-67.3682041891,0.0,0.0,0.0,1.0,0.0,True
0,1,481,-66.87023181696,0.0,0.0,0.0,1.0,0.0,True
0,1,482,-66.37225944482,0.0,0.0,0.0,1.0,0.0,True
0,1,483,-65.87428707268,0.0,0.0,0.0,1.0,0.0,True
0,1,484,-65.37631470054001,0.0,0.0,0.0,1.0,0.0,True
0,1,485,-64.87834232840001,0.0,0.0,0.0,1.0,0.0,True
0,1,486,-64.38036995626,0.0,0.0,0.0,1.0,0.0,True
0,1,487,-63.88239758412,0.0,0.0,0.0,1.0,0.0,True
0,1,488,-63.38442521198,0.0,0.0,0.0,1.0,0.0,True
0,1,489,-62.886452839840004,0.0,0.0,0.0,1.0,0.0,True
0,1,490,-62.3884804677,0.0,0.0,0.0,1.0,0.0,True
0,1,491,-61.89050809556,0.0,0.0,0.0,1.0,0.0,True
0,1,492,-61.392535723419996,0.0,0.0,0.0,1.0,0.0,True
0,1,493,-60.89456335128,0.0,0.0,0.0,1.0,0.0,True
0,1,494,-60.39659097914,0.0,0.0,0.0,1.0,0.0,True
0,1,495,-59.898618607,0.0,0.0,0.0,1.0,0.0,True
0,1,496,-59.400646234860005,0.0,0.0,0.0,1.0,0.0,True
0,1,497,-58.90267386272,0.0,0.0,0.0,1.0,0.0,True
0,1,498,-58.404701490579995,0.0,0.0,0.0,1.0,0.0,True
0,1,499,-57.90672911844,0.0,0.0,0.0,1.0,0.0,True
0,1,500,-57.4087567463,0.0,0.0,0.0,1.0,0.0,True
0,1,501,-56.91078437416,0.0,0.0,0.0,1.0,0.0,True
0,1,502,-56.412812002020004,0.0,0.0,0.0,1.0,0.0,True
0,1,503,-55.91483962988,0.0,0.0,0.0,1.0,0.0,True
0,1,504,-55.41686725774,0.0,0.0,0.0,1.0,0.0,True
0,1,505,-54.9188948856,0.0,0.0,0.0,1.0,0.0,True
0,1,506,-54.42092251346,0.0,0.0,0.0,1.0,0.0,True
0,1,507,-53.92295014132,0.0,0.0,0.0,1.0,0.0,True
0,1,508,-53.42497776918,0.0,0.0,0.0,1.0,0.0,True
0,1,509,-52.92700539704,0.0,0.0,0.0,1.0,0.0,True
0,1,510,-52.4290330249,0.0,0.0,0.0,1.0,0.0,True
0,1,511,-51.931060652759996,0.0,0.0,0.0,1.0,0.0,True
0,1,512,-51.43308828062,0.0,0.0,0.0,1.0,0.0,True
0,1,513,-50.93511590848,0.0,0.0,0.0,1.0,0.0,True
0,1,514,-50.43714353634,0.0,0.0,0.0,1.0,0.0,True
0,1,515,-49.939171164200005,0.0,0.0,0.0,1.0,0.0,True
0,1,516,-49.44119879206,0.0,0.0,0.0,1.0,0.0,True
0,1,517,-48.94322641992,0.0,0.0,0.0,1.0,0.0,True
0,1,518,-48.44525404778,0.0,0.0,0.0,1.0,0.0,True
0,1,519,-47.94728167564,0.0,0.0,0.0,1.0,0.0,True
0,1,520,-47.4493093035,0.0,0.0,0.0,1.0,0.0,True
0,1,521,-46.951336931360004,0.0,0.0,0.0,1.0,0.0,True
0,1,522,-46.45336455922,0.0,0.0,0.0,1.0,0.0,True
0,1,523,-45.95539218708,0.0,0.0,0.0,1.0,0.0,True
0,1,524,-45.457419814939996,0.0,0.0,0.0,1.0,0.0,True
0,1,525,-44.9594474428,0.0,0.0,0.0,1.0,0.0,True
0,1,526,-44.46147507066,0.0,0.0,0.0,1.0,0.0,True
0,1,527,-43.96350269852,0.0,0.0,0.0,1.0,0.0,True
0,1,528,-43.46553032638,0.0,0.0,0.0,1.0,0.0,True
0,1,529,-42.96755795424,0.0,0.0,0.0,1.0,0.0,True
0,1,530,-42.4695855821,0.0,0.0,0.0,1.0,0.0,True
0,1,531,-41.97161320996,0.0,0.0,0.0,1.0,0.0,True
0,1,532,-41.47364083782,0.0,0.0,0.0,1.0,0.0,True
0,1,533,-40.97566846568,0.0,0.0,0.0,1.0,0.0,True
0,1,534,-40.477696093540004,0.0,0.0,0.0,1.0,0.0,True
0,1,535,-39.9797237214,0.0,0.0,0.0,1.0,0.0,True
0,1,536,-39.48175134926,0.0,0.0,0.0,1.0,0.0,True
0,1,537,-38.98377897712,0.0,0.0,0.0,1.0,0.0,True
0,1,538,-38.48580660498,0.0,0.0,0.0,1.0,0.0,True
0,1,539,-37.98783423284,0.0,0.0,0.0,1.0,0.0,True
0,1,540,-37.4898618607,0.0,0.0,0.0,1.0,0.0,True
0,1,541,-36.99188948856,0.0,0.0,0.0,1.0,0.0,True
0,1,542,-36.49391711642,0.0,0.0,0.0,1.0,0.0,True
0,1,543,-35.99594474428,0.0,0.0,0.0,1.0,0.0,True
0,1,544,-35.49797237214,0.0,0.0,0.0,1.0,0.0,True
0,1,545,-35.0,0.0,0.0,0.0,1.0,0.0,True
0,1,546,-35.24193548387087,9.596320512419707e-17,0.43217985483876337,0.0,1.0,0.0,True
0,1,547,-35.483870967741744,1.9192641024839413e-16,0.8643597096775267,0.0,1.0,0.0,True
0,1,548,-35.72580645161261,2.878896153725912e-16,1.29653956451629,0.0,1.0,0.0,True
0,1,549,-35.96774193548349,3.8385282049678826e-16,1.7287194193550535,0.0,1.0,0.0,True
0,1,550,-36.20967741935436,4.798160256209853e-16,2.160899274193817,0.0,1.0,0.0,True
0,1,551,-36.45161290322523,5.757792307451824e-16,2.59307912903258,0.0,1.0,0.0,True
0,1,552,-36.6935483870961,6.717424358693794e-16,3.025258983871344,0.0,1.0,0.0,True
0,1,553,-36.935483870966976,7.677056409935765e-16,3.457438838710107,0.0,1.0,0.0,True
0,1,554,-37.177419354837845,8.636688461177736e-16,3.8896186935488704,0.0,1.0,0.0,True
0,1,555,-37.41935483870872,9.596320512419706e-16,4.321798548387634,0.0,1.0,0.0,True
0,1,556,-37.66129032257959,1.0555952563661678e-15,4.753978403226397,0.0,1.0,0.0,True
0,1,557,-37.903225806450465,1.1515584614903647e-15,5.18615825806516,0.0,1.0,0.0,True
0,1,558,-38.14516129032133,1.247521666614562e-15,5.618338112903924,0.0,1.0,0.0,True
0,1,559,-38.38709677419221,1.3434848717387589e-15,6.050517967742688,0.0,1.0,0.0,True
0,1,560,-38.62903225806308,1.4394480768629559e-15,6.48269782258145,0.0,1.0,0.0,True
0,1,561,-38.87096774193395,1.535411281987153e-15,6.914877677420214,0.0,1.0,0.0,True
0,1,562,-39.11290322580482,1.6313744871113502e-15,7.347057532258978,0.0,1.0,0.0,True
0,1,563,-39.3548387096757,1.7273376922355472e-15,7.779237387097741,0.0,1.0,0.0,True
0,1,564,-39.596774193546565,1.8233008973597446e-15,8.211417241936505,0.0,1.0,0.0,True
0,1,565,-39.83870967741744,1.919264102483941e-15,8.643597096775268,0.0,1.0,0.0,True
0,1,566,-40.08064516128831,2.015227307608138e-15,9.07577695161403,0.0,1.0,0.0,True
0,1,567,-40.322580645159185,2.1111905127323355e-15,9.507956806452794,0.0,1.0,0.0,True
0,1,568,-40.56451612903005,2.2071537178565325e-15,9.940136661291557,0.0,1.0,0.0,True
0,1,569,-40.80645161290093,2.3031169229807295e-15,10.37231651613032,0.0,1.0,0.0,True
0,1,570,-41.0483870967718,2.399080128104927e-15,10.804496370969085,0.0,1.0,0.0,True
0,1,571,-41.290322580642666,2.495043333229124e-15,11.236676225807848,0.0,1.0,0.0,True
0,1,572,-41.53225806451354,2.591006538353321e-15,11.668856080646611,0.0,1.0,0.0,True
0,1,573,-41.77419354838441,2.6869697434775178e-15,12.101035935485376,0.0,1.0,0.0,True
0,1,574,-42.016129032255286,2.7829329486017148e-15,12.533215790324137,0.0,1.0,0.0,True
0,1,575,-42.258064516126154,2.8788961537259117e-15,12.9653956451629,0.0,1.0,0.0,True
0,1,576,-42.49999999999703,2.974859358850109e-15,13.397575500001665,0.0,1.0,0.0,True
0,1,577,-42.7419354838679,3.070822563974306e-15,13.829755354840428,0.0,1.0,0.0,True
0,1,578,-42.983870967738774,3.166785769098503e-15,14.26193520967919,0.0,1.0,0.0,True
0,1,579,-43.22580645160964,3.2627489742227004e-15,14.694115064517955,0.0,1.0,0.0,True
0,1,580,-43.46774193548052,3.3587121793468974e-15,15.12629491935672,0.0,1.0,0.0,True
0,1,581,-43.70967741935139,3.4546753844710944e-15,15.558474774195481,0.0,1.0,0.0,True
0,1,582,-43.95161290322226,3.5506385895952914e-15,15.990654629034244,0.0,1.0,0.0,True
0,1,583,-44.19354838709313,3.646601794719489e-15,16.42283448387301,0.0,1.0,0.0,True
0,1,584,-44.435483870964006,3.742564999843685e-15,16.855014338711772,0.0,1.0,0.0,True
0,1,585,-44.677419354834875,3.838528204967882e-15,17.287194193550537,0.0,1.0,0.0,True
0,1,586,-44.91935483870575,3.93449141009208e-15,17.719374048389298,0.0,1.0,0.0,True
0,1,587,-45.16129032257662,4.030454615216276e-15,18.15155390322806,0.0,1.0,0.0,True
0,1,588,-45.403225806447495,4.126417820340474e-15,18.583733758066824,0.0,1.0,0.0,True
0,1,589,-45.64516129031836,4.222381025464671e-15,19.01591361290559,0.0,1.0,0.0,True
0,1,590,-45.88709677418923,4.318344230588868e-15,19.44809346774435,0.0,1.0,0.0,True
0,1,591,-46.12903225806011,4.414307435713065e-15,19.880273322583115,0.0,1.0,0.0,True
0,1,592,-46.37096774193098,4.510270640837262e-15,20.31245317742188,0.0,1.0,0.0,True
0,1,593,-46.61290322580185,4.606233845961459e-15,20.74463303226064,0.0,1.0,0.0,True
0,1,594,-46.85483870967272,4.702197051085656e-15,21.176812887099405,0.0,1.0,0.0,True
0,1,595,-47.096774193543595,4.798160256209854e-15,21.60899274193817,0.0,1.0,0.0,True
0,1,596,-47.338709677414464,4.89412346133405e-15,22.04117259677693,0.0,1.0,0.0,True
0,1,597,-47.58064516128534,4.990086666458248e-15,22.473352451615696,0.0,1.0,0.0,True
0,1,598,-47.82258064515621,5.086049871582445e-15,22.90553230645446,0.0,1.0,0.0,True
0,1,599,-48.06451612902708,5.182013076706642e-15,23.337712161293222,0.0,1.0,0.0,True
0,1,600,-48.30645161289795,5.2779762818308386e-15,23.769892016131987,0.0,1.0,0.0,True
0,1,601,-48.54838709676883,5.3739394869550356e-15,24.20207187097075,0.0,1.0,0.0,True
0,1,602,-48.790322580639696,5.4699026920792325e-15,24.634251725809513,0.0,1.0,0.0,True
0,1,603,-49.03225806451057,5.5658658972034295e-15,25.066431580648274,0.0,1.0,0.0,True
0,1,604,-49.27419354838144,5.661829102327627e-15,25.49861143548704,0.0,1.0,0.0,True
0,1,605,-49.51612903225231,5.7577923074518235e-15,25.9307912903258,0.0,1.0,0.0,True
0,1,606,-49.758064516123184,5.853755512576021e-15,26.362971145164565,0.0,1.0,0.0,True
0,1,607,-49.99999999999406,5.949718717700218e-15,26.79515100000333,0.0,1.0,0.0,True
0,1,608,-50.0,6.059346622564751e-15,27.288871191489363,0.0,1.0,0.0,True
0,1,609,-50.0,6.1689745274275014e-15,27.782591382978723,0.0,1.0,0.0,True
0,1,610,-50.0,6.278602432290252e-15,28.276311574468085,0.0,1.0,0.0,True
0,1,611,-50.0,6.3882303371530026e-15,28.770031765957448,0.0,1.0,0.0,True
0,1,612,-50.0,6.497858242015754e-15,29.263751957446807,0.0,1.0,0.0,True
0,1,613,-50.0,6.6074861468785045e-15,29.75747214893617,0.0,1.0,0.0,True
0,1,614,-50.0,6.717114051741255e-15,30.251192340425533,0.0,1.0,0.0,True
0,1,615,-50.0,6.826741956604006e-15,30.744912531914895,0.0,1.0,0.0,True
0,1,616,-50.0,6.936369861466756e-15,31.238632723404255,0.0,1.0,0.0,True
0,1,617,-50.0,7.045997766329507e-15,31.732352914893617,0.0,1.0,0.0,True
0,1,618,-50.0,7.155625671192257e-15,32.22607310638298,0.0,1.0,0.0,True
0,1,619,-50.0,7.265253576055009e-15,32.71979329787234,0.0,1.0,0.0,True
0,1,620,-50.0,7.374881480917759e-15,33.2135134893617,0.0,1.0,0.0,True
0,1,621,-50.0,7.48450938578051e-15,33.70723368085106,0.0,1.0,0.0,True
0,1,622,-50.0,7.59413729064326e-15,34.20095387234043,0.0,1.0,0.0,True
0,1,623,-50.0,7.703765195506011e-15,34.69467406382979,0.0,1.0,0.0,True
0,1,624,-50.0,7.813393100368762e-15,35.18839425531915,0.0,1.0,0.0,True
0,1,625,-50.0,7.923021005231512e-15,35.68211444680851,0.0,1.0,0.0,True
0,1,626,-50.0,8.032648910094262e-15,36.17583463829787,0.0,1.0,0.0,True
0,1,627,-50.0,8.142276814957013e-15,36.66955482978723,0.0,1.0,0.0,True
0,1,628,-50.0,8.251904719819765e-15,37.1632750212766,0.0,1.0,0.0,True
0,1,629,-50.0,8.361532624682515e-15,37.656995212765956,0.0,1.0,0.0,True
0,1,630,-50.0,8.471160529545266e-15,38.15071540425532,0.0,1.0,0.0,True
0,1,631,-50.0,8.580788434408016e-15,38.64443559574468,0.0,1.0,0.0,True
0,1,632,-50.0,8.690416339270767e-15,39.13815578723404,0.0,1.0,0.0,True
0,1,633,-50.0,8.800044244133517e-15,39.63187597872341,0.0,1.0,0.0,True
0,1,634,-50.0,8.909672148996268e-15,40.125596170212766,0.0,1.0,0.0,True
0,1,635,-50.0,9.01930005385902e-15,40.619316361702126,0.0,1.0,0.0,True
0,1,636,-50.0,9.12892795872177e-15,41.11303655319149,0.0,1.0,0.0,True
0,1,637,-50.0,9.238555863584519e-15,41.60675674468085,0.0,1.0,0.0,True
0,1,638,-50.0,9.34818376844727e-15,42.10047693617021,0.0,1.0,0.0,True
0,1,639,-50.0,9.457811673310022e-15,42.59419712765958,0.0,1.0,0.0,True
0,1,640,-50.0,9.567439578172772e-15,43.087917319148936,0.0,1.0,0.0,True
0,1,641,-50.0,9.677067483035523e-15,43.5816375106383,0.0,1.0,0.0,True
0,1,642,-50.0,9.786695387898274e-15,44.07535770212766,0.0,1.0,0.0,True
0,1,643,-50.0,9.896323292761024e-15,44.56907789361702,0.0,1.0,0.0,True
0,1,644,-50.0,1.0005951197623774e-14,45.06279808510638,0.0,1.0,0.0,True
0,1,645,-50.0,1.0115579102486525e-14,45.556518276595746,0.0,1.0,0.0,True
0,1,646,-50.0,1.0225207007349277e-14,46.050238468085105,0.0,1.0,0.0,True
0,1,647,-50.0,1.0334834912212027e-14,46.54395865957447,0.0,1.0,0.0,True
0,1,648,-50.0,1.0444462817074778e-14,47.03767885106383,0.0,1.0,0.0,True
0,1,649,-50.0,1.055409072193753e-14,47.53139904255319,0.0,1.0,0.0,True
0,1,650,-50.0,1.0663718626800279e-14,48.02511923404255,0.0,1.0,0.0,True
0,1,651,-50.0,1.0773346531663029e-14,48.518839425531915,0.0,1.0,0.0,True
0,1,652,-50.0,1.088297443652578e-14,49.01255961702128,0.0,1.0,0.0,True
0,1,653,-50.0,1.0992602341388532e-14,49.50627980851064,0.0,1.0,0.0,True
